{
  "author_name": "J.R.R. Tolkien",
  "source_texts": [
    "silmarillion.txt"
  ],
  "total_word_count": 159745,
  "total_sentence_count": 5630,
  "sentence_length_dist": {
    "mean": 28.373889875666073,
    "std": 25.983760188540263,
    "min": 0,
    "max": 1244,
    "median": 26.0,
    "p25": 15,
    "p75": 38,
    "count": 5630
  },
  "word_length_dist": {
    "mean": 4.2457803729191,
    "std": 0.6667468095770425,
    "min": 0,
    "max": 19.0,
    "median": 4.203703703703703,
    "p25": 3.962962962962963,
    "p75": 4.5,
    "count": 5630
  },
  "clause_depth_dist": {
    "mean": 0.9912966252220249,
    "std": 0.944787152380675,
    "min": 0,
    "max": 6,
    "median": 1.0,
    "p25": 0,
    "p75": 2,
    "count": 5630
  },
  "punctuation_density_dist": {
    "mean": 0.20643116850406873,
    "std": 0.19827190895199617,
    "min": 0,
    "max": 3.0,
    "median": 0.1388888888888889,
    "p25": 0.1,
    "p75": 0.2222222222222222,
    "count": 5630
  },
  "dialogue_ratio": 0.06927175843694494,
  "passive_voice_ratio": 0.03978685612788632,
  "question_ratio": 0.011900532859680284,
  "exclamation_ratio": 0.014564831261101243,
  "noun_ratio": 0.28278819368368335,
  "verb_ratio": 0.10836019906726345,
  "adjective_ratio": 0.04491533381326489,
  "adverb_ratio": 0.043763498075057125,
  "vocabulary_profile": {
    "total_words": 86957,
    "unique_words": 5864,
    "type_token_ratio": 0.06743562910403993,
    "avg_word_length": 4.338109640396977,
    "word_length_distribution": {
      "1": 2005,
      "7": 5282,
      "4": 17025,
      "8": 3061,
      "2": 13423,
      "11": 309,
      "5": 11434,
      "25": 137,
      "14": 87,
      "6": 7796,
      "12": 195,
      "52": 1,
      "31": 2,
      "18": 31,
      "28": 9,
      "10": 878,
      "20": 26,
      "3": 22893,
      "17": 65,
      "39": 1,
      "9": 1970,
      "23": 8,
      "16": 43,
      "19": 16,
      "15": 50,
      "13": 65,
      "41": 5,
      "24": 26,
      "26": 29,
      "29": 4,
      "36": 20,
      "22": 18,
      "30": 7,
      "21": 22,
      "33": 1,
      "35": 1,
      "32": 1,
      "27": 8,
      "38": 2,
      "61": 1
    },
    "hapax_count": 2531,
    "hapax_ratio": 0.4316166439290587,
    "function_word_frequencies": {
      "the": 0.08219004795473625,
      "of": 0.052727210000345,
      "and": 0.058189679956760235,
      "to": 0.019216394309831297,
      "a": 0.00978644617454604,
      "in": 0.021504881723150522,
      "that": 0.0156859137274745,
      "is": 0.0040479777361224515,
      "was": 0.013236427199650402,
      "he": 0.0137884241636671,
      "for": 0.00983244592154743,
      "it": 0.0071069609117149855,
      "with": 0.005795968122175328,
      "as": 0.005335970652161413,
      "his": 0.011361937509343698,
      "on": 0.0015869912715480066,
      "be": 0.0029439838080890556,
      "at": 0.004335476154881148,
      "by": 0.003875478684867233,
      "i": 0.0021619881090654,
      "this": 0.0021504881723150523,
      "had": 0.0058534678059270675,
      "not": 0.006060466667433329,
      "are": 0.0015179916510459192,
      "but": 0.010050944719804042,
      "from": 0.0057499683751739365,
      "or": 0.002621985579079315,
      "have": 0.0022194877928171397,
      "an": 0.0007129960785215682,
      "they": 0.010027944846303346,
      "which": 0.002081488551812965,
      "one": 0.001172993548535483,
      "you": 0.001713490575801833,
      "were": 0.008015455914992468,
      "all": 0.005830467932426372,
      "her": 0.0033809814046022748,
      "she": 0.0030359833020918384,
      "there": 0.004519475142886714,
      "would": 0.002242487666317835,
      "their": 0.007198960405717768,
      "we": 0.0010579941810320043,
      "him": 0.004967972676150281,
      "been": 0.001092493991283048,
      "has": 0.0008394953827753947,
      "when": 0.0017019906390514851,
      "who": 0.001816990006554964,
      "will": 0.0016559908920500937,
      "no": 0.0022884874133192266,
      "more": 0.0016099911450487023,
      "if": 0.0011154938647837437,
      "out": 0.0011269938015340917,
      "so": 0.001724990512552181,
      "up": 0.0008739951930264384,
      "said": 0.0020469887415619213,
      "what": 0.0008739951930264384,
      "its": 0.0014719919040445278,
      "about": 0.0008624952562760905,
      "than": 0.0014834918407948755,
      "into": 0.002633485515829663,
      "them": 0.005370470462412457,
      "can": 0.0003794979127614798,
      "only": 0.0012534931057879182,
      "other": 0.0010119944340306129,
      "time": 0.0018054900698046162,
      "new": 0.0005634969007670458,
      "some": 0.0010694941177823523,
      "could": 0.0014259921570431364,
      "these": 0.0010809940545327,
      "two": 0.00036799797601113195,
      "may": 0.0007589958255229596,
      "first": 0.001345492599790701,
      "then": 0.0037834791908644503,
      "do": 0.00041399772301252343,
      "any": 0.0009889945605299172,
      "like": 0.0008854951297767862,
      "my": 0.001345492599790701,
      "now": 0.002610485642328967,
      "over": 0.0013339926630403533,
      "such": 0.0004714974067642628,
      "our": 0.0004369975965132192,
      "man": 0.00013799924100417447,
      "me": 0.0007359959520222639,
      "even": 0.001540991524546615,
      "most": 0.0013224927262900053,
      "made": 0.0017019906390514851,
      "after": 0.0015294915877962672,
      "also": 0.0009889945605299172,
      "did": 0.001172993548535483,
      "many": 0.002184987982566096,
      "off": 0.00032199822900974047,
      "before": 0.0024264866543234013,
      "must": 0.0002989983555090447,
      "well": 0.0002989983555090447,
      "back": 0.0007704957622733075,
      "through": 0.0008739951930264384,
      "years": 0.0006899962050208724,
      "much": 0.0004254976597628713,
      "where": 0.0007129960785215682,
      "your": 0.0007589958255229596,
      "way": 0.0004599974700139149
    },
    "archaism_count": 548,
    "archaisms_found": [
      "thee",
      "thou",
      "thy",
      "thine",
      "ye",
      "hath",
      "doth",
      "art",
      "wert",
      "wherefore",
      "hither",
      "thither",
      "whither",
      "hence",
      "thence",
      "whence",
      "ere",
      "nay",
      "yea",
      "behold",
      "alas",
      "verily",
      "hearken",
      "tarry",
      "smite",
      "smote",
      "smitten",
      "slew",
      "slain",
      "wrought",
      "begotten",
      "dwelt"
    ],