{
  "author_name": "J.R.R. Tolkien",
  "source_texts": [
    "the_hobbit.txt"
  ],
  "total_word_count": 98670,
  "total_sentence_count": 4953,
  "sentence_length_dist": {
    "mean": 19.921259842519685,
    "std": 14.170033194696797,
    "min": 1,
    "max": 143,
    "median": 17,
    "p25": 9,
    "p75": 27,
    "count": 4953
  },
  "word_length_dist": {
    "mean": 4.201400981814249,
    "std": 0.7195135097555693,
    "min": 1.0,
    "max": 11.0,
    "median": 4.125,
    "p25": 3.8181818181818183,
    "p75": 4.470588235294118,
    "count": 4953
  },
  "clause_depth_dist": {
    "mean": 1.0060569351907935,
    "std": 0.9912600998782903,
    "min": 0,
    "max": 8,
    "median": 1,
    "p25": 0,
    "p75": 2,
    "count": 4953
  },
  "punctuation_density_dist": {
    "mean": 0.16391287442990146,
    "std": 0.142792449352209,
    "min": 0.0,
    "max": 1.0,
    "median": 0.125,
    "p25": 0.09090909090909091,
    "p75": 0.18181818181818182,
    "count": 4953
  },
  "dialogue_ratio": 0.1809004643650313,
  "passive_voice_ratio": 0.02705431051887745,
  "question_ratio": 0.02786190187764991,
  "exclamation_ratio": 0.09670906521300222,
  "noun_ratio": 0.2179183135704875,
  "verb_ratio": 0.1360697273740752,
  "adjective_ratio": 0.06460930373973853,
  "adverb_ratio": 0.06923076923076923,
  "vocabulary_profile": {
    "total_words": 94059,
    "unique_words": 6963,
    "type_token_ratio": 0.07402800369980544,
    "avg_word_length": 4.130162982808662,
    "word_length_distribution": {
      "1": 3841,
      "2": 14947,
      "10": 833,
      "5": 11977,
      "4": 20166,
      "3": 23061,
      "6": 7758,
      "7": 6031,
      "9": 1728,
      "8": 3009,
      "11": 399,
      "13": 83,
      "12": 181,
      "15": 16,
      "14": 26,
      "16": 2,
      "17": 1
    },
    "hapax_count": 3154,
    "hapax_ratio": 0.45296567571449087,
    "function_word_frequencies": {
      "the": 0.06146142314929991,
      "of": 0.025186319225167182,
      "and": 0.045014299535398,
      "to": 0.02150777703356404,
      "a": 0.020051244431686495,
      "in": 0.014629115767762787,
      "that": 0.010121306839324254,
      "is": 0.004762967924387884,
      "was": 0.01406563965170797,
      "he": 0.01941334694181312,
      "for": 0.0073251895087126165,
      "it": 0.01162036594052669,
      "with": 0.006644765519514348,
      "as": 0.007133820261750604,
      "his": 0.009143197354851742,
      "on": 0.00780361262611765,
      "be": 0.003646647317109474,
      "at": 0.0067510817678265765,
      "by": 0.002955591703079982,
      "i": 0.006921187765126144,
      "this": 0.002562221584324732,
      "had": 0.00964288372191922,
      "not": 0.007654769878480528,
      "are": 0.0030512763265609882,
      "but": 0.006283290275252767,
      "from": 0.004220755057995513,
      "or": 0.0037742268150841494,
      "have": 0.004475914053944864,
      "an": 0.0012757949797467547,
      "they": 0.01385300715508351,
      "which": 0.0017967445964766795,
      "one": 0.0030087498272360967,
      "you": 0.007665401503311751,
      "were": 0.007038135638269597,
      "all": 0.006687292018839239,
      "her": 3.189487449366887e-05,
      "she": 1.0631624831222956e-05,
      "there": 0.005081916669324573,
      "would": 0.0024771685856749487,
      "their": 0.005305180790780255,
      "we": 0.0029662233279112047,
      "him": 0.00452907217810098,
      "been": 0.0021050617165821453,
      "has": 0.0008824248609915053,
      "when": 0.0027748540809491916,
      "who": 0.0012651633549155318,
      "will": 0.0020412719675948075,
      "no": 0.0029768549527424276,
      "more": 0.002370852337362719,
      "if": 0.0031788558245356637,
      "out": 0.003912437937890048,
      "so": 0.00291306520375509,
      "up": 0.00384864818890271,
      "said": 0.005783603908185288,
      "what": 0.0025515899594935093,
      "its": 0.0009674778596412889,
      "about": 0.0022432728393880436,
      "than": 0.001424637727383876,
      "into": 0.0025834848339871784,
      "them": 0.005507181662573491,
      "can": 0.0014671642267087678,
      "only": 0.0017648497219830107,
      "other": 0.0010418992334598498,
      "time": 0.00215821984073826,
      "new": 0.00031894874493668867,
      "some": 0.0020837984669196995,
      "could": 0.003986859311708608,
      "these": 0.0009143197354851742,
      "two": 0.0007761086126792758,
      "may": 0.0007761086126792758,
      "first": 0.0007548453630168299,
      "then": 0.0025941164588184013,
      "do": 0.0014884274763712138,
      "any": 0.0015522172253585515,
      "like": 0.002402747211856388,
      "my": 0.0017435864723205647,
      "now": 0.0027642224561179687,
      "over": 0.001679796723333227,
      "such": 0.0005741077408860396,
      "our": 0.0010737941079535186,
      "man": 0.0003933701187552494,
      "me": 0.001233268480421863,
      "even": 0.0014884274763712138,
      "most": 0.0008611616113290595,
      "made": 0.0013076898542404235,
      "after": 0.0018711659702952401,
      "also": 0.0006272658650421543,
      "did": 0.0020306403427635847,
      "many": 0.0012226368555906398,
      "off": 0.0016160069743458893,
      "before": 0.0023283258380378275,
      "must": 0.0011163206072784104,
      "well": 0.0010737941079535186,
      "back": 0.002136956591075814,
      "through": 0.0011694787314345252,
      "years": 0.0001913692469620132,
      "much": 0.0010312676086286267,
      "where": 0.0014140061025526532,
      "your": 0.001966850593776247,
      "way": 0.0015203223508648827
    },
    "archaism_count": 42,
    "archaisms_found": [
      "ye",
      "hither",
      "thither",
      "ere",
      "behold",
      "lo",
      "alas",
      "hark",
      "tarry",
      "smote",
      "slew",
      "slain",
      "wrought",
      "dwelt"
    ],
    "unknown_words": [
      "worms",
      "oozy",
      "sandy",
      "porthole",
      "painted",
      "shiny",
      "knob",
      "tube",
      "panelled",
      "floors",
      "tiled",
      "carpeted",
      "polished",
      "hats",
      "visitors",
      "upstairs",
      "bedrooms",
      "bathrooms",
      "devoted",
      "kitchens",
      "meadows",
      "sloping",
      "neighbourhood",
      "considered",
      "gained",
      "mother",
      "nowadays",
      "rare",
      "bearded",
      "everyday",
      "helps",
      "stupid",
      "elephants",
      "dress",
      "shoes",
      "natural",
      "leathery",
      "soles",
      "curly",
      "natured",
      "fruity",
      "laughs",
      "daughters",
      "families",
      "ancestors",
      "fairy",
      "hobbitlike",
      "members",
      "clan",
      "discreetly",
      "hushed",
      "tooks",
      "undoubtedly",
      "richer",
      "she",
      "luxurious",
      "probable",
      "behaved",
      "edition",
      "solid",
      "arrived",
      "immovably",
      "numerous",
      "woolly",
      "brushed",
      "quarter",
      "sprouted",
      "extraordinary",
      "businesses",
      "girls",
      "unsuspecting",
      "scarf",
      "immense",
      "brim",
      "shady",
      "mean?\u00e2\u20ac\u009d",
      "on?\u00e2\u20ac\u009d",
      "sailed",
      "pretty!\u00e2\u20ac\u009d",
      "blow",
      "arranging",
      "anyone.\u00e2\u20ac\u009d",
      "disturbing",
      "thumb",
      "braces",
      "smokering",
      "pretending",
      "for!\u00e2\u20ac\u009d",
      "off.\u00e2\u20ac\u009d",
      "name?\u00e2\u20ac\u009d",
      "belong",
      "morninged",
      "selling",
      "gracious",
      "diamond",
      "studs",
      "undone",
      "princesses",
      "widows\u00e2\u20ac",
      "lilies"
    ],
    "unknown_word_ratio": 0.5438747666235818
  },
  "function_word_zscores": {
    "the": 6.663024204794489,
    "of": 2.3689594891247743,
    "and": 4.716096269524545,
    "to": 1.933512129329428,
    "a": 1.7610951111445656,
    "in": 1.119250736879749,
    "that": 0.5856389433733133,
    "is": -0.04865432060603498,
    "was": 1.0525492626914443,
    "he": 1.6855840082898814,