{
  "author_name": "J.R.R. Tolkien",
  "source_texts": [
    "01.txt"
  ],
  "total_word_count": 8846,
  "total_sentence_count": 498,
  "sentence_length_dist": {
    "mean": 17.76305220883534,
    "std": 13.11058369218487,
    "min": 1,
    "max": 79,
    "median": 15.0,
    "p25": 8,
    "p75": 25,
    "count": 498
  },
  "word_length_dist": {
    "mean": 4.049515985932003,
    "std": 0.7280844844252539,
    "min": 2.5,
    "max": 9.0,
    "median": 4.0,
    "p25": 3.65,
    "p75": 4.363636363636363,
    "count": 498
  },
  "clause_depth_dist": {
    "mean": 0.963855421686747,
    "std": 0.9571812634014331,
    "min": 0,
    "max": 5,
    "median": 1.0,
    "p25": 0,
    "p75": 1,
    "count": 498
  },
  "punctuation_density_dist": {
    "mean": 0.2895292575137751,
    "std": 0.3167640752631137,
    "min": 0.0,
    "max": 3.0,
    "median": 0.1875,
    "p25": 0.125,
    "p75": 0.3333333333333333,
    "count": 498
  },
  "dialogue_ratio": 0.41164658634538154,
  "passive_voice_ratio": 0.010040160642570281,
  "question_ratio": 0.0321285140562249,
  "exclamation_ratio": 0.09839357429718876,
  "noun_ratio": 0.20664707212299344,
  "verb_ratio": 0.14130680533574497,
  "adjective_ratio": 0.06635767578566584,
  "adverb_ratio": 0.06997513000226091,
  "vocabulary_profile": {
    "total_words": 8846,
    "unique_words": 1682,
    "type_token_ratio": 0.19014243725977842,
    "avg_word_length": 4.0454442685959755,
    "word_length_distribution": {
      "2": 1490,
      "10": 90,
      "5": 1071,
      "1": 352,
      "4": 1922,
      "3": 2261,
      "6": 698,
      "7": 543,
      "9": 158,
      "8": 196,
      "11": 44,
      "13": 7,
      "12": 11,
      "14": 3
    },
    "hapax_count": 913,
    "hapax_ratio": 0.5428061831153389,
    "function_word_frequencies": {
      "the": 0.05720099479990956,
      "of": 0.02125254352249604,
      "and": 0.050983495365136786,
      "to": 0.024078679629210942,
      "a": 0.0253221795161655,
      "in": 0.013904589645037305,
      "that": 0.01153063531539679,
      "is": 0.005539226769161203,
      "was": 0.012774135202351345,
      "he": 0.01989599819127289,
      "for": 0.009043635541487679,
      "it": 0.011417589871128193,
      "with": 0.006330544879041375,
      "as": 0.006556635767578567,
      "his": 0.008478408320144699,
      "on": 0.011417589871128193,
      "be": 0.0029391815509834953,
      "at": 0.005652272213429799,
      "by": 0.0029391815509834953,
      "i": 0.013904589645037305,
      "this": 0.004069635993669455,
      "had": 0.007687090210264526,
      "not": 0.006782726656115758,
      "are": 0.0022609088853719197,
      "but": 0.00531313588062401,
      "from": 0.0026000452181777073,
      "or": 0.003956590549400859,
      "have": 0.006556635767578567,
      "an": 0.0016956816640289396,
      "they": 0.009043635541487679,
      "which": 0.0018087271082975356,
      "one": 0.004182681437938051,
      "you": 0.01062627176124802,
      "were": 0.004182681437938051,
      "all": 0.00813927198733891,
      "her": 0.00033913633280578795,
      "she": 0.00011304544426859598,
      "there": 0.005426181324892607,
      "would": 0.0016956816640289396,
      "their": 0.003052226995252091,
      "we": 0.0045218177707438394,
      "him": 0.003052226995252091,
      "been": 0.0019217725525661315,
      "has": 0.0007913181098801719,
      "when": 0.0027130906624463036,
      "who": 0.0013565453312231518,
      "will": 0.0019217725525661315,
      "no": 0.0023739543296405156,
      "more": 0.0019217725525661315,
      "if": 0.0031652724395206874,
      "out": 0.004182681437938051,
      "so": 0.003391363328057879,
      "up": 0.003843545105132263,
      "said": 0.008591453764413294,
      "what": 0.003956590549400859,
      "its": 0.00011304544426859598,
      "about": 0.003730499660863667,
      "than": 0.0014695907754917476,
      "into": 0.0012434998869545557,
      "them": 0.003052226995252091,
      "can": 0.0011304544426859599,
      "only": 0.0016956816640289396,
      "other": 0.0009043635541487678,
      "time": 0.0023739543296405156,
      "new": 0.0,
      "some": 0.0019217725525661315,
      "could": 0.0014695907754917476,
      "these": 0.0009043635541487678,
      "two": 0.0007913181098801719,
      "may": 0.0010174089984173638,
      "first": 0.0006782726656115759,
      "then": 0.0023739543296405156,
      "do": 0.004069635993669455,
      "any": 0.0021478634411033234,
      "like": 0.004182681437938051,
      "my": 0.0028261361067148994,
      "now": 0.0020348179968347276,
      "over": 0.0022609088853719197,
      "such": 0.00033913633280578795,
      "our": 0.0022609088853719197,
      "man": 0.0009043635541487678,
      "me": 0.0032783178837892833,
      "even": 0.0012434998869545557,
      "most": 0.0013565453312231518,
      "made": 0.0014695907754917476,
      "after": 0.0026000452181777073,
      "also": 0.0006782726656115759,
      "did": 0.0014695907754917476,
      "many": 0.0011304544426859599,
      "off": 0.0018087271082975356,
      "before": 0.0014695907754917476,
      "must": 0.0012434998869545557,
      "well": 0.0015826362197603437,
      "back": 0.0015826362197603437,
      "through": 0.0007913181098801719,
      "years": 0.0004521817770743839,
      "much": 0.0006782726656115759,
      "where": 0.0006782726656115759,
      "your": 0.003052226995252091,
      "way": 0.0010174089984173638
    },
    "archaism_count": 7,
    "archaisms_found": [
      "ere",
      "behold",
      "lo",
      "wrought"
    ],
    "unknown_words": [
      "ground",
      "dirty",
      "wet",
      "ends",
      "worms",
      "oozy",
      "smell",
      "nor",
      "yet",
      "dry",
      "bare",
      "sandy",
      "nothing",
      "comfort",
      "perfectly",
      "porthole",
      "painted",
      "shiny",
      "brass",
      "knob",
      "exact",
      "middle",
      "tube",
      "shaped",
      "comfortable",
      "panelled",
      "walls",
      "floors",
      "tiled",
      "carpeted",
      "provided",
      "polished",
      "hats",
      "coats",
      "fond",
      "visitors",
      "wound",
      "fairly",
      "straight",
      "miles",
      "doors",
      "upstairs",
      "bedrooms",
      "bathrooms",
      "cellars",
      "pantries",
      "devoted",
      "clothes",
      "kitchens",
      "dining",
      "ones",
      "windows",
      "garden",
      "meadows",
      "sloping",
      "neighbourhood",
      "considered",
      "respectable",
      "rich",
      "question",
      "bother",
      "asking",
      "story",
      "neighbours",
      "respect",
      "gained",
      "mother",
      "particular",
      "need",
      "description",
      "nowadays",
      "rare",
      "shy",
      "call",
      "height",
      "smaller",
      "bearded",
      "ordinary",
      "everyday",
      "helps",
      "disappear",
      "quietly",
      "stupid",
      "folk",
      "blundering",
      "making",
      "elephants",
      "mile",
      "inclined",
      "stomach",
      "dress",
      "bright",
      "colours",
      "chiefly",
      "wear",
      "shoes",
      "grow",
      "natural",
      "leathery",
      "soles"
    ],
    "unknown_word_ratio": 0.6741973840665874
  },
  "function_word_zscores": {
    "the": 6.0419930815818805,
    "of": 1.8555810542520235,
    "and": 5.31792810830156,
    "to": 2.1847014966521696,
    "a": 2.3295144913082337,
    "in": 0.9998679040116437,
    "that": 0.723406732395521,
    "is": 0.02567139450721146,
    "was": 0.8682197270515852,
    "he": 1.6976032418999532,
    "for": 0.4337807430833926,
    "it": 0.7102419146995151,
    "with": 0.11782511837925236,
    "as": 0.144154753771264,
    "his": 0.36795665460336335,
    "on": 0.7102419146995151,
    "be": -0.2771194125009229,
    "at": 0.038836212203217285,
    "by": -0.2771194125009229,
    "i": 0.9998679040116437,
    "this": -0.1454712355408645,
    "had": 0.2758029307313224,
    "not": 0.17048438916327566,
    "are": -0.3561083186769579,
    "but": -0.0006582408848002964,